Id,ticket
71,59824654
72,59825148
73,59825703
74,59826072
75,59826428
76,59826705
77,59827526
78,59827815
79,59827979
81,59828097
82,59828513
83,59828612
84,59828708
85,59828845
86,59828978
87,59829242
88,59829368
89,59829496
90,59829879
91,59830105
92,59830314
93,59830688
94,59830915
95,59831127
96,59831431
97,59831810
98,59832056
99,59832174
100,59832327
101,59832507
102,59832648
103,59832808
104,59832945
105,59833097
106,59833233
107,59833525
108,59833655
109,59833723
110,59833818
111,59833860
112,59833907
113,59833971
114,59834164
115,59834214
116,59834311
117,59834348
